addr,name
10001000,FUN_10001000
10001030,FUN_10001030
100013d0,FUN_100013d0
100013e0,FUN_100013e0
10001420,FUN_10001420
10001440,FUN_10001440
10001460,FUN_10001460
10001490,FUN_10001490
10001c90,FUN_10001c90
10001ee0,FUN_10001ee0
100020e0,FUN_100020e0
10002100,FUN_10002100
100022c0,WintunCloseAdapter
10002380,FUN_10002380
10002550,FUN_10002550
10002780,WintunGetAdapterLUID
100027e0,FUN_100027e0
10002930,FUN_10002930
10002970,FUN_10002970
10002b90,FUN_10002b90
10002bd0,WintunCreateAdapter
100035e0,WintunOpenAdapter
10003990,FUN_10003990
10003a50,FUN_10003a50
10003cc0,FUN_10003cc0
10004050,WintunGetRunningDriverVersion
10004060,FUN_10004060
10004200,FUN_10004200
10004b30,WintunDeleteDriver
10004de0,FUN_10004de0
10004df0,WintunSetLogger
10004e10,FUN_10004e10
10004ee0,FUN_10004ee0
10005030,FUN_10005030
10005110,FUN_10005110
100052a0,FUN_100052a0
10005310,FUN_10005310
10005380,FUN_10005380
10005530,FUN_10005530
10005700,FUN_10005700
10005850,FUN_10005850
10005890,FUN_10005890
10005a10,FUN_10005a10
10005b60,FUN_10005b60
10005b90,WintunStartSession
10005d90,WintunEndSession
10005e00,WintunGetReadWaitEvent
10005e10,WintunReceivePacket
10005ec0,WintunReleaseReceivePacket
10005f30,WintunAllocateSendPacket
10005fc0,WintunSendPacket
10006040,FUN_10006040
10006050,FUN_10006050
10006080,FUN_10006080
10006630,FUN_10006630
100066c0,FUN_100066c0
10006820,FUN_10006820
10006d70,FUN_10006d70
10006ecb,DelayLoad_CM_Get_DevNode_Status
10006ed5,FUN_10006ed5
10006ee6,DelayLoad_CM_MapCrToWin32Err
10006ef0,DelayLoad_CM_Open_DevNode_Key
10006efa,DelayLoad_CM_Locate_DevNodeW
10006f04,DelayLoad_CM_Get_Device_Interface_ListW
10006f0e,DelayLoad_CM_Get_Device_IDW
10006f18,DelayLoad_CM_Get_Device_Interface_List_SizeW
10006f22,DelayLoad_ConvertInterfaceAliasToLuid
10006f2c,FUN_10006f2c
10006f3d,DelayLoad_ConvertInterfaceLuidToGuid
10006f47,DelayLoad_GetTokenInformation
10006f51,FUN_10006f51
10006f62,DelayLoad_ConvertStringSecurityDescriptorToSecurityDescriptorW
10006f6c,DelayLoad_OpenProcessToken
10006f76,DelayLoad_CreateWellKnownSid
10006f80,DelayLoad_EqualSid
10006f8a,DelayLoad_SetupDiDestroyDeviceInfoList
10006f94,FUN_10006f94
10006fa5,DelayLoad_SetupDiCreateDeviceInfoW
10006faf,DelayLoad_RegQueryValueExW
10006fb9,DelayLoad_DevCloseObjectQuery
10006fc3,FUN_10006fc3
10006fd4,DelayLoad_CoCreateGuid
10006fde,FUN_10006fde
10006fef,DelayLoad_StringFromGUID2
10006ff9,DelayLoad_SetupDiOpenDevRegKey
10007003,DelayLoad_SwDeviceCreate
1000700d,FUN_1000700d
1000701e,DelayLoad_SetupDiSetDeviceRegistryPropertyW
10007028,DelayLoad_RegSetValueExW
10007032,DelayLoad_SetupDiDestroyDriverInfoList
1000703c,DelayLoad_SetupDiGetDeviceInstallParamsW
10007046,DelayLoad_SetupDiGetClassDevsExW
10007050,DelayLoad_SetupDiEnumDriverInfoW
1000705a,DelayLoad_SetupDiSetSelectedDriverW
10007064,DelayLoad_DevCreateObjectQuery
1000706e,DelayLoad_SetupDiSetClassInstallParamsW
10007078,DelayLoad_SetupDiBuildDriverInfoList
10007082,DelayLoad_SwDeviceClose
1000708c,DelayLoad_SetupDiCallClassInstaller
10007096,DelayLoad_SetupDiCreateDeviceInfoListExW
100070a0,DelayLoad_SetupDiGetDevicePropertyW
100070aa,DelayLoad_CLSIDFromString
100070b4,DelayLoad_SetupDiSetDeviceInstallParamsW
100070be,DelayLoad_SetupDiGetDeviceInstanceIdW
100070c8,DelayLoad_RegCloseKey
100070d2,DelayLoad_SetupDiEnumDeviceInfo
100070dc,DelayLoad_SetupDiGetDeviceRegistryPropertyW
100070e6,DelayLoad_SetupDiSetDevicePropertyW
100070f0,DelayLoad_SetupDiOpenDeviceInfoW
100070fa,DelayLoad_GetFileVersionInfoSizeW
10007104,FUN_10007104
10007115,DelayLoad_PathCombineW
1000711f,FUN_1000711f
10007130,DelayLoad_VerQueryValueW
1000713a,DelayLoad_PathFindFileNameW
10007144,DelayLoad_SetupUninstallOEMInfW
1000714e,DelayLoad_SetupDiGetDriverInfoDetailW
10007158,DelayLoad_GetFileVersionInfoW
10007162,DelayLoad_SetupCopyOEMInfW
1000716c,DelayLoad_SystemFunction036
10007176,DelayLoad_CommandLineToArgvW
10007191,DelayLoad_NciSetConnectionName
100071ac,DelayLoad_SetupDiSetSelectedDevice
100071b6,DloadAcquireSectionWriteAccess
100071e9,DloadGetSRWLockFunctionPointers
1000725c,DloadLock
1000729b,DloadMakePermanentImageCommit
1000730a,DloadObtainSection
10007385,DloadProtectSection
100073f3,DloadReleaseSectionWriteAccess
10007429,DloadUnlock
10007455,___delayLoadHelper2@8
100076c4,__security_check_cookie
100076d2,FUN_100076d2
100076fa,FUN_100076fa
100077f4,FUN_100077f4
10007800,FUN_10007800
100078d0,dllmain_crt_dispatch
10007923,FUN_10007923
10007a06,FUN_10007a06
10007a2a,FUN_10007a2a
10007abf,FUN_10007abf
10007acc,FUN_10007acc
10007ada,dllmain_dispatch
10007be5,dllmain_raw
10007c10,entry
10007c40,guard_check_icall
10007c43,___get_entropy
10007c90,___security_init_cookie
10007cdb,FUN_10007cdb
10007ce7,__scrt_uninitialize_type_info
10007cf3,FUN_10007cf3
10007d10,find_pe_section
10007d54,___scrt_acquire_startup_lock
10007d86,___scrt_dllmain_after_initialize_c
10007db1,FUN_10007db1
10007dbf,___scrt_dllmain_crt_thread_attach
10007dde,___scrt_dllmain_crt_thread_detach
10007deb,___scrt_dllmain_exception_filter
10007e1f,FUN_10007e1f
10007e42,FUN_10007e42
10007e4f,___scrt_initialize_crt
10007e88,FUN_10007e88
10007f0f,___scrt_is_nonwritable_in_current_image
10007fa3,___scrt_release_startup_lock
10007fc0,___scrt_uninitialize_crt
10007fe8,FUN_10007fe8
10007fee,FUN_10007fee
10008109,FUN_10008109
10008111,FUN_10008111
1000813d,FUN_1000813d
10008170,__SEH_prolog4
100081b5,FUN_100081b5
10008386,FUN_10008386
1000838a,___scrt_is_ucrt_dll_in_use
100083a0,_ValidateLocalCookies
100083e0,__except_handler4
1000853e,___std_type_info_compare
1000857a,___std_type_info_destroy_list
1000859d,___vcrt_initialize
100085bc,___vcrt_thread_attach
100085c7,___vcrt_thread_detach
100085d2,___vcrt_uninitialize
100085e9,FUN_100085e9
10008600,___DestructExceptionObject
100086a1,_CallMemberFunction0
100086ae,FUN_100086ae
10008706,__IsExceptionObjectToBeDestroyed
1000872c,___AdjustPointer
10008751,FUN_10008751
100087b0,Unwind@100087b0
100087c0,_memset
10008920,FUN_10008920
100089c0,FUN_100089c0
10008a10,_EH4_CallFilterFunc
10008a30,_EH4_TransferToHandler
10008a50,_EH4_GlobalUnwind2
10008a70,_EH4_LocalUnwind
10008a87,___except_validate_context_record
10008ac0,___vcrt_freefls@4
10008adc,___vcrt_freeptd
10008b12,___vcrt_getptd
10008b20,___vcrt_getptd_noexit
10008bb2,___vcrt_initialize_ptd
10008be5,___vcrt_uninitialize_ptd
10008c00,___vcrt_initialize_locks
10008c3c,___vcrt_uninitialize_locks
10008c70,FUN_10008c70
10008c80,__NLG_Notify
10008ca0,FUN_10008ca0
10008ca3,FUN_10008ca3
10008d13,FUN_10008d13
10008d70,FUN_10008d70
10008e66,_JumpToContinuation
10008e96,_UnwindNestedFrames
10008ee9,__CatchGuardHandler
10008f1a,__CreateFrameInfo
10008f3e,FUN_10008f3e
10008f86,__TranslatorGuardHandler
10009023,FID_conflict:___CxxFrameHandler3
10009060,FUN_10009060
100095d4,try_get_first_available_module
1000966e,try_get_function
100096b7,___vcrt_FlsAlloc
100096f2,___vcrt_FlsFree
1000972d,___vcrt_FlsGetValue
10009768,___vcrt_FlsSetValue
100097a6,___vcrt_InitializeCriticalSectionEx
100097ed,FUN_100097ed
1000992b,BuildCatchObjectInternal<__FrameHandler3>
100099c4,CatchIt<__FrameHandler3>
10009a44,FUN_10009a44
10009dee,FUN_10009dee
10009f24,FID_conflict:___TypeMatch
10009fb2,__InternalCxxFrameHandler<__FrameHandler3>
1000a0c0,FUN_1000a0c0
1000a0db,FUN_1000a0db
1000a100,exception
1000a130,FUN_1000a130
1000a141,operator==
1000a160,FUN_1000a160
1000a18d,CallCatchBlock
1000a2d5,FUN_1000a2d5
1000a351,FUN_1000a351
1000a371,Catch_All@1000a371
1000a390,ExFilterRethrow
1000a3da,FrameUnwindToEmptyState
1000a3f2,FUN_1000a3f2
1000a4c0,FUN_1000a4c0
1000a4da,FUN_1000a4da
1000a574,_CallMemberFunction1
1000a584,_CallMemberFunction2
1000a597,FUN_1000a597
1000a5b0,FUN_1000a5b0
1000a5c0,__CallSettingFrame@12
1000a60c,FUN_1000a60c
1000a629,GetCurrentState
1000a646,SetState
1000a654,___std_exception_copy
1000a6b7,___std_exception_destroy
1000a6d6,__CxxThrowException@8
1000a750,_abort
1000a794,FUN_1000a794
1000a816,FUN_1000a816
1000a853,__towlower_internal
1000a892,FUN_1000a892
1000a8db,FUN_1000a8db
1000a993,FUN_1000a993
1000aaa5,FUN_1000aaa5
1000ac28,FUN_1000ac28
1000acc2,count<char>
1000acda,FUN_1000acda
1000acf3,FUN_1000acf3
1000ad74,FUN_1000ad74
1000adf6,is_overflow_condition<unsigned_long>
1000ae27,is_wide_character_specifier<wchar_t>
1000ae75,make_c_string_character_source<>
1000ae90,FUN_1000ae90
1000b45f,scratch_data<char>
1000b47d,FUN_1000b47d
1000b5ff,FUN_1000b5ff
1000b781,FUN_1000b781
1000b903,FUN_1000b903
1000b970,FUN_1000b970
1000b9ff,FUN_1000b9ff
1000ba8c,FUN_1000ba8c
1000bb15,FUN_1000bb15
1000bbc4,FUN_1000bbc4
1000bc5f,FUN_1000bc5f
1000bcd0,FUN_1000bcd0
1000bd30,FUN_1000bd30
1000bd6c,FUN_1000bd6c
1000bd86,operator=
1000bdaa,FUN_1000bdaa
1000be0a,FUN_1000be0a
1000be46,force_decimal_point
1000beb0,FUN_1000beb0
1000bf00,FUN_1000bf00
1000bf5c,FUN_1000bf5c
1000bfd6,FUN_1000bfd6
1000c226,FUN_1000c226
1000c3b4,FUN_1000c3b4
1000c7d5,to_integer_size
1000c829,type_case_Z
1000c883,FUN_1000c883
1000ca23,FUN_1000ca23
1000caca,FUN_1000caca
1000cb4e,FUN_1000cb4e
1000cb6b,FUN_1000cb6b
1000cb81,type_case_s
1000cbf4,FUN_1000cbf4
1000cc49,unget
1000cc80,FUN_1000cc80
1000ccdb,FUN_1000ccdb
1000ccf6,FUN_1000ccf6
1000cd27,write_string
1000cd98,___acrt_locale_get_ctype_array_value
1000cdba,FUN_1000cdba
1000cdfe,FUN_1000cdfe
1000ce3f,FUN_1000ce3f
1000ce8e,__wcsnicmp
1000ceda,FUN_1000ceda
1000cfad,FUN_1000cfad
1000d07b,FUN_1000d07b
1000d086,FUN_1000d086
1000d0bf,FUN_1000d0bf
1000d108,FUN_1000d108
1000d198,_wmemcpy_s
1000d21c,_wmemset
1000d248,FUN_1000d248
1000d3f8,assemble_floating_point_snan<double>
1000d419,assemble_floating_point_value_t<float>
1000d449,assemble_floating_point_value_t<double>
1000d48b,common_vsscanf<wchar_t>
1000d524,FID_conflict:convert_hexadecimal_string_to_floating_type<float>
1000d545,FID_conflict:convert_hexadecimal_string_to_floating_type<double>
1000d566,FID_conflict:convert_hexadecimal_string_to_floating_type<float>
1000d587,FID_conflict:convert_hexadecimal_string_to_floating_type<double>
1000d5a8,is_overflow_condition<unsigned___int64>
1000d5e9,FUN_1000d5e9
1000d607,FUN_1000d607
1000d691,FUN_1000d691
1000d71b,FUN_1000d71b
1000e2b5,FUN_1000e2b5
1000e382,FUN_1000e382
1000e4a3,parse_floating_point_possible_nan_is_ind<>
1000e4e3,parse_floating_point_possible_nan_is_snan<>
1000e523,parse_floating_point_write_result<float>
1000e68f,parse_floating_point_write_result<double>
1000e7b3,FUN_1000e7b3
1000ee83,FUN_1000ee83
1000eedf,FUN_1000eedf
1000ef48,FUN_1000ef48
1000efb1,FUN_1000efb1
1000f11c,FUN_1000f11c
1000f28b,skip_whitespace<__crt_stdio_input::string_input_adapter,wchar_t>
1000f2ba,write_floating_point<float>
1000f2ee,FUN_1000f2ee
1000f328,FUN_1000f328
1000f366,FUN_1000f366
1000f3a3,FUN_1000f3a3
1000f3d4,input_processor<wchar_t,__crt_stdio_input::string_input_adapter<wchar_t>_>
1000f418,FID_conflict:operator()
1000f444,advance
1000f548,FUN_1000f548
1000f56d,FUN_1000f56d
1000f592,assemble_floating_point_infinity
1000f5d2,FUN_1000f5d2
1000f925,FUN_1000f925
1000fab7,assemble_floating_point_zero
1000faec,FUN_1000faec
1001180b,FUN_1001180b
100118b1,data
100118ea,FUN_100118ea
10011910,FUN_10011910
10011d98,get
10011dd7,get
10011df1,FUN_10011df1
10011e06,is_character_allowed_in_string
10011e50,length
10011e91,FUN_10011e91
10011ea8,process
10011f4f,FUN_10011f4f
10011ff3,FUN_10011ff3
10012058,process_literal_character
1001208d,process_state
100120cf,process_string_specifier
10012117,process_whitespace
10012137,reset
10012151,reset_token_state_for_error
1001217c,restore_state
100121a1,scan_conversion_specifier
100122ed,scan_optional_assignment_suppressor
10012301,FUN_10012301
100124fc,FUN_100124fc
1001263e,scan_optional_wide_modifier
10012668,scan_scanset_range
100127cf,set
100127f5,FUN_100127f5
10012816,should_default_to_wide
1001284a,test
10012875,to_floating_point_length
10012898,to_integer_length
100128eb,unget
10012936,unget
1001295c,validate
10012978,FUN_10012978
10012999,validate
100129bb,FUN_100129bb
10012a41,FUN_10012a41
10012aaf,___stdio_common_vswscanf
10012ad3,_memcpy_s
10012b54,FUN_10012b54
1001315e,FUN_1001315e
100137e4,FUN_100137e4
1001382a,FUN_1001382a
10013876,FUN_10013876
100138a1,__initterm_e
100138cf,__seh_filter_dll
100138ef,FUN_100138ef
10013a35,operator()<>
10013a76,FUN_10013a76
10013a82,FUN_10013a82
10013b6d,FUN_10013b6d
10013c04,FUN_10013c04
10013c35,FUN_10013c35
10013c78,FUN_10013c78
10013c9a,FUN_10013c9a
10013d1c,FUN_10013d1c
10013d3a,__exit
10013d50,FUN_10013d50
10013d57,FUN_10013d57
10013e94,parse_command_line<char>
10014008,___acrt_allocate_buffer_for_argv
10014057,FUN_10014057
10014062,FUN_10014062
100140bc,FUN_100140bc
1001419e,free_environment<>
100141cd,uninitialize_environment_internal<>
100141e8,uninitialize_environment_internal<>
10014203,FUN_10014203
10014254,thunk_FUN_10014062
10014259,operator()<<lambda_69a2805e680e0e292e8ba93315fe43a8>,<lambda_f03950bc5685219e0bcd2087efbe011e>&,<lambda_03fcd07e894ec930e3f35da366ca99d6>_>
100142a8,FUN_100142a8
100142b4,operator()
1001438e,FUN_1001438e
100143cc,__initialize_onexit_table
10014400,FUN_10014400
10014450,FUN_10014450
10014460,FUN_10014460
10014470,FUN_10014470
10014490,FUN_10014490
100144a0,FUN_100144a0
100144d0,FUN_100144d0
100144e0,uninitialize_allocated_memory
100144f7,__crt_fast_encode_pointer<void*>
10014516,operator()
10014544,___acrt_initialize
10014556,FUN_10014556
10014561,FUN_10014561
10014569,___acrt_uninitialize
10014599,___acrt_uninitialize_critical
100145ab,FUN_100145ab
100145e7,FUN_100145e7
10014602,FUN_10014602
1001460d,FUN_1001460d
100146e8,FUN_100146e8
100146f3,_wcsncmp
1001472d,FUN_1001472d
10014756,___acrt_call_reportfault
1001488f,FUN_1001488f
1001489e,FUN_1001489e
100148d5,FUN_100148d5
10014952,FUN_10014952
10014962,__invoke_watson
10014996,operator()<<lambda_cbab9ec6f41b0180b23cc171c22676b0>,<lambda_44731a7d0e6d81c3e6aa82d741081786>&,<lambda_4b292cb8dd18144e164572427af410ab>_>
100149ee,FUN_100149ee
100149fa,get_global_action_nolock
10014a3c,siglookup
10014a64,___acrt_get_sigabrt_handler
10014a8b,FUN_10014a8b
10014aa9,_raise
10014c35,FUN_10014c35
10014c9c,FUN_10014c9c
10014d75,FID_conflict:___acrt_errno_from_os_error
10014db8,___acrt_errno_map_os_error
10014ddb,FUN_10014ddb
10014dff,FUN_10014dff
10014e12,FUN_10014e12
10014e25,operator()<<lambda_15ade71b0218206bbe3333a0c9b79046>,<lambda_da44e0f8b0f19ba52fefafb335991732>&,<lambda_207f2d024fc103971653565357d6cd41>_>
10014e6b,FUN_10014e6b
10014e77,operator()<<lambda_38edbb1296d33220d7e4dd0ed76b244a>,<lambda_5ce1d447e08cb34b2473517608e21441>&,<lambda_fb385d3da700c9147fc39e65dd577a8c>_>
10014ed6,FUN_10014ed6
10014ee2,operator()<<lambda_6affb1475c98b40b75cdec977db92e3c>,<lambda_b8d4b9c228a6ecc3f80208dbb4b4a104>&,<lambda_608742c3c92a14382c1684fc64f96c88>_>
10014f2b,FUN_10014f2b
10014f37,operator()<<lambda_a7e850c220f1c8d1e6efeecdedd162c6>,<lambda_46720907175c18b6c9d2717bc0d2d362>&,<lambda_9048902d66e8d99359bc9897bbb930a8>_>
10014f85,FUN_10014f85
10014f91,construct_ptd
10015030,destroy_fls
10015051,destroy_ptd
1001511e,replace_current_thread_locale_nolock
10015169,___acrt_freeptd
10015195,FUN_10015195
10015250,FUN_10015250
100152e6,FUN_100152e6
10015397,FUN_10015397
10015440,___acrt_initialize_ptd
10015470,___acrt_uninitialize_ptd
1001548a,FUN_1001548a
100154b7,FUN_100154b7
100154e8,FUN_100154e8
10015515,FUN_10015515
10015546,operator()<<lambda_e5124f882df8998aaf41531e079ba474>,<lambda_3e16ef9562a7dcce91392c22ab16ea36>&,<lambda_e25ca0880e6ef98be67edffd8c599615>_>
100155a8,FUN_100155a8
100155b4,FUN_100155b4
100155c0,___acrt_uninitialize_locale
100155e7,FUN_100155e7
10015621,__malloc_base
1001566f,__acrt_fp_classify
100156d1,fe_to_nearest
10015774,FUN_10015774
10015aa0,FUN_10015aa0
10015b44,FUN_10015b44
10015c89,FUN_10015c89
10015d1f,FUN_10015d1f
10015e0d,FUN_10015e0d
10015edc,FUN_10015edc
10015f71,shift_bytes
10015fa5,should_round_up
10016038,FUN_10016038
100161b9,FUN_100161b9
10016323,FUN_10016323
1001635d,FUN_1001635d
10016490,__fileno
100164c0,___acrt_initialize_stdio
10016590,___acrt_uninitialize_stdio
100165dc,FUN_100165dc
100165f0,__unlock_file
10016604,FUN_10016604
10016619,initialize_inherited_file_handles_nolock
100166cf,FUN_100166cf
10016780,___acrt_initialize_lowio
100167d7,FUN_100167d7
100167e0,___acrt_uninitialize_lowio
1001680c,_iswctype
10016875,__calloc_base
100168d2,fegetround
100168e0,___acrt_initialize_locks
10016921,___acrt_lock
10016940,___acrt_uninitialize_locks
10016971,___acrt_unlock
10016988,___acrt_get_process_end_policy
100169c0,FUN_100169c0
100169d8,__acrt_convert_wcs_mbs_cp<char,wchar_t,<lambda_62f6974d9771e494a5ea317cc32e971c>,__crt_win32_buffer_internal_dynamic_resizing>
10016a8a,FUN_10016a8a
10016b50,__acrt_mbs_to_wcs_cp<__crt_win32_buffer_internal_dynamic_resizing>
10016b6d,FUN_10016b6d
10016cea,FUN_10016cea
10016d9b,FUN_10016d9b
10017020,FUN_10017020
10017049,FID_conflict:operator()
1001706d,__acrt_get_utf8_acp_compatibility_codepage
100170ac,_deallocate
100170c6,allocate
10017102,allocate
10017141,allocate
10017160,expand_if_necessary
100171e7,FUN_100171e7
100171f2,FUN_100171f2
100172b4,allocate
100172db,FUN_100172db
100172ef,___acrt_GetModuleFileNameA
10017390,operator()<<lambda_ceb1ee4838e85a9d631eb091e2fbe199>,<lambda_ae742caa10f662c28703da3d2ea5e57e>&,<lambda_cd08b5d6af4937fe54fc07d0c9bf6b37>_>
100173d1,FUN_100173d1
100173dd,operator()
10017460,CPtoLocaleName
1001749e,getSystemCP
1001750f,FUN_1001750f
10017572,FUN_10017572
1001771e,FUN_1001771e
10017873,FUN_10017873
100178f2,FUN_100178f2
100178fb,FUN_100178fb
10017920,___acrt_initialize_multibyte
10017968,FUN_10017968
1001797b,FUN_1001797b
10017b83,FUN_10017b83
10017bd3,__ismbblead
10017bf0,FUN_10017bf0
10017c09,___acrt_MultiByteToWideChar
10017c85,___acrt_WideCharToMultiByte
10017d3c,find_end_of_double_null_terminated_sequence
10017d73,FUN_10017d73
10017e13,__recalloc_base
10017e80,try_get_AreFileApisANSI
10017e9a,FID_conflict:try_get_LCMapStringEx
10017eb4,try_get_LocaleNameToLCID
10017ece,FUN_10017ece
10017f9a,try_get_function
1001801d,___acrt_AppPolicyGetProcessTerminationMethodInternal@4
1001805d,___acrt_AreFileApisANSI@0
1001807c,___acrt_FlsAlloc@4
100180bb,___acrt_FlsFree@4
100180fa,___acrt_FlsGetValue@4
10018139,___acrt_FlsSetValue@8
1001817b,___acrt_InitializeCriticalSectionEx@12
100181c6,___acrt_LCMapStringEx@36
10018223,___acrt_LocaleNameToLCID@8
10018260,FUN_10018260
10018280,___acrt_uninitialize_winapi_thunks
100182c0,FUN_100182c0
100182e0,FUN_100182e0
100182ea,___acrt_execute_initializers
10018352,___acrt_execute_uninitializers
10018383,FUN_10018383
10018392,__callnewh
100183bf,__query_new_handler
10018412,FUN_10018412
1001841b,___acrt_has_user_matherr
10018433,FUN_10018433
10018450,___acrt_invoke_user_matherr
10018482,FUN_10018482
10018502,FUN_10018502
1001850e,operator()<<lambda_2cc53f568c5a2bb6f192f930a45d44ea>,<lambda_ab61a845afdef5b7c387490eaf3616ee>&,<lambda_c2ffc0b7726aa6be21d5f0026187e748>_>
100185ae,FUN_100185ae
100185ba,common_flush_all
10018607,common_flush_all_should_try_to_flush_stream
1001863a,is_stream_flushable_or_commitable
1001865f,FUN_1001865f
100186c8,FUN_100186c8
1001872d,__flushall
10018736,___acrt_LCMapStringW
10018774,___acrt_add_locale_ref
100187f1,___acrt_free_locale
10018939,___acrt_locale_add_lc_time_reference
10018962,___acrt_locale_free_lc_time_if_unreferenced
10018993,___acrt_locale_release_lc_time_reference
100189bc,___acrt_release_locale_ref
10018a3d,FUN_10018a3d
10018a9d,FUN_10018a9d
10018aa6,FUN_10018aa6
10018abe,__updatetlocinfoEx_nolock
10018b0e,___acrt_locale_free_monetary
10018c0c,___acrt_locale_free_numeric
10018c75,FUN_10018c75
10018c9a,___acrt_locale_free_time
10018d7e,FUN_10018d7e
10018e87,FUN_10018e87
10018ea7,FUN_10018ea7
10018eae,FUN_10018eae
10018f2c,FUN_10018f2c
10019026,FUN_10019026
1001a55f,FUN_1001a55f
1001a60f,FUN_1001a60f
1001a63b,FUN_1001a63b
1001a67e,FUN_1001a67e
1001a786,FUN_1001a786
1001a828,FUN_1001a828
1001a831,___acrt_stdio_free_buffer_nolock
1001a871,FUN_1001a871
1001a8c7,___acrt_lowio_create_handle_array
1001a942,___acrt_lowio_destroy_handle_array
1001a977,___acrt_lowio_ensure_fh_exists
1001aa0c,FUN_1001aa0c
1001aa15,FUN_1001aa15
1001aa38,___acrt_lowio_unlock_fh
1001aa5b,FUN_1001aa5b
1001aaec,FUN_1001aaec
1001ab56,___acrt_GetStringTypeW
1001ab6f,FUN_1001ab6f
1001ac1f,FUN_1001ac1f
1001accc,FUN_1001accc
1001ad82,FUN_1001ad82
1001ae38,___acrt_fenv_get_common_round_control
1001ae5a,___acrt_fenv_get_control
1001aeda,FUN_1001aeda
1001af84,FUN_1001af84
1001afff,FUN_1001afff
1001b100,_qsort
1001b5ee,FUN_1001b5ee
1001b6a5,FUN_1001b6a5
1001b6b0,_strpbrk
1001b6f0,__mbsdec
1001b707,__mbsdec_l
1001b794,FUN_1001b794
1001b982,___acrt_LCMapStringA
1001b9d0,FUN_1001b9d0
1001b9df,FID_conflict:__msize_base
1001ba12,__realloc_base
1001ba7b,FID_conflict:GetTableIndexFromLocaleName
1001bacb,___acrt_DownlevelLocaleNameToLCID
1001baf7,FUN_1001baf7
1001bb8d,FUN_1001bb8d
1001bb99,__commit
1001bc16,FUN_1001bc16
1001bfe8,write_double_translated_unicode_nolock
1001c050,FUN_1001c050
1001c0ce,write_text_ansi_nolock
1001c1a9,write_text_utf16le_nolock
1001c292,write_text_utf8_nolock
1001c3c4,FUN_1001c3c4
1001c48c,FUN_1001c48c
1001c4cc,FUN_1001c4cc
1001c6cc,__controlfp_s
1001c72b,fegetenv
1001c748,fesetenv
1001c793,FUN_1001c793
1001c7e0,FUN_1001c7e0
1001c838,FUN_1001c838
1001c8f0,FUN_1001c8f0
1001ca0d,FUN_1001ca0d
1001ca21,FUN_1001ca21
1001ca43,FUN_1001ca43
1001cc01,FUN_1001cc01
1001cc90,FUN_1001cc90
1001cc98,FUN_1001cc98
1001cd26,FUN_1001cd26
1001cd56,FUN_1001cd56
1001cdd9,FUN_1001cdd9
1001cdf7,FUN_1001cdf7
1001cdfd,___strncnt
1001ce19,__putwch_nolock
1001ce4b,___hw_cw_sse2
1001cef2,__clearfp
1001cfd0,__control87
1001d2d1,__hw_cw
1001d370,FUN_1001d370
1001d380,FUN_1001d380
1001d39e,FUN_1001d39e
1001d630,__fFEXP
1001d760,FUN_1001d760
1001d76d,FUN_1001d76d
1001d934,FUN_1001d934
1001d95a,FUN_1001d95a
1001d970,FUN_1001d970
1001d980,FUN_1001d980
1001daac,FUN_1001daac
1001db08,FUN_1001db08
1001db2b,__math_exit
1001dc10,FUN_1001dc10
1001dc27,__startOneArgErrorHandling
1001dc63,___libm_error_support
1001df0c,FUN_1001df0c
1001df91,FUN_1001df91
1001df9d,FUN_1001df9d
1001e040,FUN_1001e040
1001e0e0,__acrt_stdio_free_stream
1001e120,___ascii_strnicmp
1001e181,__dcrt_lowio_initialize_console_output
1001e1a0,___dcrt_lowio_ensure_console_output_initialized
1001e1c0,FID_conflict:___dcrt_terminate_console_output
1001e1d7,___dcrt_write_console
1001e22c,___set_fpsr_sse2
1001e2ac,__clrfp
1001e2bd,__ctrlfp
1001e2e7,FUN_1001e2e7
1001e340,__statfp
1001e350,FUN_1001e350
1001e3b8,FUN_1001e3b8
1001e4e3,__87except
1001e5ed,__frnd
1001e601,__errcode
1001e635,__except1
1001e703,FUN_1001e703
1001e97c,__raise_exc
1001e99f,__raise_exc_ex
1001ec95,__set_errno_from_matherr
1001ecc4,FUN_1001ecc4
1001ed64,FUN_1001ed64
1001ee36,__set_exp
1001ee63,__sptype
1001eec1,__fpclass
1001ef70,__FindPESection
1001efc0,__IsNonwritableInCurrentImage
1001f080,__ValidateImageBase
1001f0c0,FUN_1001f0c0
1001f0e3,__EH_epilog3
1001f0f7,__EH_prolog3
1001f12a,__EH_prolog3_catch
1001f160,__aulldvrm
1001f1f5,FUN_1001f1f5
1001f210,__allmul
1001f250,__allshl
1001f270,__aulldiv
1001f2e0,__aullshr
1001f300,__alldvrm
1001f3e0,__alloca_probe_16
1001f3f6,__alloca_probe_8
1001f410,thunk_FUN_1001f420
1001f420,FUN_1001f420
1001f4a0,__alloca_probe
1001f4cb,thunk_FUN_100145e7
1001f4d0,FUN_1001f4d0
1001f610,__filter_x86_sse2_floating_point_exception_default
